가구거리,가구촌,가구마을,,,,,
예식장,웨딩홀,결혼식장,,,,,
웨딩스튜디오,웨딩촬영스튜디오,웨딩촬영장,결혼사진스튜디오,,,,
꽃집 꽃배달,플라워샵,플라워 배달,화원,꽃 가게,,,
대형마트,대형몰,대형마켓,마트,,,,
면세점,듀티프리 샵,,,,,,
목욕탕 사우나,목욕집,,,,,,
찜질방,,,,,,,
네일샵,네일아트샵,네일집,네일아트집,네일받는 곳,네일하는 곳,,
미용실,헤어샵,헤어숍,헤어살롱,,,,
단식원,,,,,,,
백화점,,,,,,,
아파트상가,,,,,,,
상설할인매장,상설 디스카운트 샵,상설할인샵,상설할인몰,아울렛,,,
의류할인매장,의류 디스카운트 샵,의류할인샵,의류할인몰,상설의류할인매장,상설의류할인샵,상설의류할인몰,
생활용품점,생활용품 샵,생활용품 마트,생활용품 가게,생활용품 판매점,생활용품 판매가게,생활용품 상점,
철물점,철물 마트,철물 가게,철물집,,,,
세탁소,세탁집,세탁편의점,세탁전문방,세탁전문 집,,,
빨래방,셀프 세탁방,셀프 빨래방,,,,,
슈퍼마켓,마트,슈퍼,,,,,
대형슈퍼,슈퍼,,,,,,
유기농슈퍼,유기농 마트,유기농 마켓,유기농 식료품점,,,,
편의점,,,,,,,
시장,동네시장,전통시장,로컬 마켓,,,,
과일 채소가게,과일집,과일파는 집,야채가게,과일 판매점,채소 판매점,,
반찬가게,반찬집,반찬파는 집,찬가게,반찬 판매점,,,
정육점,식육점,고기파는 집,고깃집,고기 판매점,,,
동물병원,동물케어센터,반려동물병원,펫병원,,,,
반려견놀이터,애견 놀이터,강아지 놀이터,멍멍이 놀이터,,,,
애견샵,강아지 샵,반려견 샵,애견용품점,,,,
수족관,,,,,,,
훈련소,애완동물 훈련소,애완동물 훈련센터,반려동물 훈련소,반려동물 훈련센터,펫 훈련소,펫 훈련센터,
게임방 PC방,,,,,,,
노래방,노래연습장,가라오케,,,,,
도서대여점,책방,,,,,,
만화방,만화카페,만화책대여점,,,,,
멀티방,멀티룸,,,,,,
비디오 DVD대여점,비디오 대여방,DVD 대여방,비디오 대여 가게,DVD 대여 가게,,,
비디오방 DVD감상실,DVD방,DVD룸,비디오방,,,,
철학원,철학관,,,,,,
놀이시설,,,,,,,
놀이터,플레이그라운드,,,,,,
유흥시설,유흥업소,,,,,,
나이트 클럽,,,,,,,
성인댄스클럽,성인나이트,,,,,,
유흥주점,,,,,,,
휴게텔,,,,,,,
이발소,이발관,이용원,남자미용실,,,,
이삿짐센터,이삿짐 업체,,,,,,
국립묘지,,,,,,,
납골당,,,,,,,
묘지,무덤,장지,,,,,
장례식장,,,,,,,